341297,36.5,-10.625
341298,36.5,-10
341299,36.5,-9.375
341300,36.5,-8.75
341301,36.5,-8.125
341302,36.5,-7.5
341303,36.5,-6.875
341304,36.5,-6.25
341305,36.5,-5.625
341306,36.5,-5
341307,36.5,-4.375
341308,36.5,-3.75
341309,36.5,-3.125
341310,36.5,-2.5
341311,36.5,-1.875
341312,36.5,-1.25
341313,36.5,-0.625
341314,36.5,0.0
341315,36.5,0.625
341316,36.5,1.25
341317,36.5,1.875
341318,36.5,2.5
341319,36.5,3.125
341320,36.5,3.75
341321,36.5,4.375
341322,36.5,5
341323,36.5,5.625
341324,36.5,6.25
341325,36.5,6.875
341326,36.5,7.5
341327,36.5,8.125
341328,36.5,8.75
341329,36.5,9.375
341330,36.5,10
341331,36.5,10.625
341332,36.5,11.25
341333,36.5,11.875
341334,36.5,12.5
341335,36.5,13.125
341336,36.5,13.75
341337,36.5,14.375
341338,36.5,15
341339,36.5,15.625
341340,36.5,16.25
341341,36.5,16.875
341342,36.5,17.5
341343,36.5,18.125
341344,36.5,18.75
341345,36.5,19.375
341346,36.5,20
341347,36.5,20.625
341348,36.5,21.25
341349,36.5,21.875
341350,36.5,22.5
341351,36.5,23.125
341352,36.5,23.75
341353,36.5,24.375
341354,36.5,25
341355,36.5,25.625
341356,36.5,26.25
341357,36.5,26.875
341358,36.5,27.5
341359,36.5,28.125
341360,36.5,28.75
341361,36.5,29.375
341362,36.5,30
341363,36.5,30.625
341364,36.5,31.25
341365,36.5,31.875
341366,36.5,32.5
341367,36.5,33.125
341368,36.5,33.75
341369,36.5,34.375
341370,36.5,35
341371,36.5,35.625
341372,36.5,36.25
341373,36.5,36.875
341374,36.5,37.5
341375,36.5,38.125
341376,36.5,38.75
341377,36.5,39.375
341873,37,-10.625
341874,37,-10
341875,37,-9.375
341876,37,-8.75
341877,37,-8.125
341878,37,-7.5
341879,37,-6.875
341880,37,-6.25
341881,37,-5.625
341882,37,-5
341883,37,-4.375
341884,37,-3.75
341885,37,-3.125
341886,37,-2.5
341887,37,-1.875
341888,37,-1.25
341889,37,-0.625
341890,37,0.0
341891,37,0.625
341892,37,1.25
341893,37,1.875
341894,37,2.5
341895,37,3.125
341896,37,3.75
341897,37,4.375
341898,37,5
341899,37,5.625
341900,37,6.25
341901,37,6.875
341902,37,7.5
341903,37,8.125
341904,37,8.75
341905,37,9.375
341906,37,10
341907,37,10.625
341908,37,11.25
341909,37,11.875
341910,37,12.5
341911,37,13.125
341912,37,13.75
341913,37,14.375
341914,37,15
341915,37,15.625
341916,37,16.25
341917,37,16.875
341918,37,17.5
341919,37,18.125
341920,37,18.75
341921,37,19.375
341922,37,20
341923,37,20.625
341924,37,21.25
341925,37,21.875
341926,37,22.5
341927,37,23.125
341928,37,23.75
341929,37,24.375
341930,37,25
341931,37,25.625
341932,37,26.25
341933,37,26.875
341934,37,27.5
341935,37,28.125
341936,37,28.75
341937,37,29.375
341938,37,30
341939,37,30.625
341940,37,31.25
341941,37,31.875
341942,37,32.5
341943,37,33.125
341944,37,33.75
341945,37,34.375
341946,37,35
341947,37,35.625
341948,37,36.25
341949,37,36.875
341950,37,37.5
341951,37,38.125
341952,37,38.75
341953,37,39.375
342449,37.5,-10.625
342450,37.5,-10
342451,37.5,-9.375
342452,37.5,-8.75
342453,37.5,-8.125
342454,37.5,-7.5
342455,37.5,-6.875
342456,37.5,-6.25
342457,37.5,-5.625
342458,37.5,-5
342459,37.5,-4.375
342460,37.5,-3.75
342461,37.5,-3.125
342462,37.5,-2.5
342463,37.5,-1.875
342464,37.5,-1.25
342465,37.5,-0.625
342466,37.5,0.0
342467,37.5,0.625
342468,37.5,1.25
342469,37.5,1.875
342470,37.5,2.5
342471,37.5,3.125
342472,37.5,3.75
342473,37.5,4.375
342474,37.5,5
342475,37.5,5.625
342476,37.5,6.25
342477,37.5,6.875
342478,37.5,7.5
342479,37.5,8.125
342480,37.5,8.75
342481,37.5,9.375
342482,37.5,10
342483,37.5,10.625
342484,37.5,11.25
342485,37.5,11.875
342486,37.5,12.5
342487,37.5,13.125
342488,37.5,13.75
342489,37.5,14.375
342490,37.5,15
342491,37.5,15.625
342492,37.5,16.25
342493,37.5,16.875
342494,37.5,17.5
342495,37.5,18.125
342496,37.5,18.75
342497,37.5,19.375
342498,37.5,20
342499,37.5,20.625
342500,37.5,21.25
342501,37.5,21.875
342502,37.5,22.5
342503,37.5,23.125
342504,37.5,23.75
342505,37.5,24.375
342506,37.5,25
342507,37.5,25.625
342508,37.5,26.25
342509,37.5,26.875
342510,37.5,27.5
342511,37.5,28.125
342512,37.5,28.75
342513,37.5,29.375
342514,37.5,30
342515,37.5,30.625
342516,37.5,31.25
342517,37.5,31.875
342518,37.5,32.5
342519,37.5,33.125
342520,37.5,33.75
342521,37.5,34.375
342522,37.5,35
342523,37.5,35.625
342524,37.5,36.25
342525,37.5,36.875
342526,37.5,37.5
342527,37.5,38.125
342528,37.5,38.75
342529,37.5,39.375
343025,38,-10.625
343026,38,-10
343027,38,-9.375
343028,38,-8.75
343029,38,-8.125
343030,38,-7.5
343031,38,-6.875
343032,38,-6.25
343033,38,-5.625
343034,38,-5
343035,38,-4.375
343036,38,-3.75
343037,38,-3.125
343038,38,-2.5
343039,38,-1.875
343040,38,-1.25
343041,38,-0.625
343042,38,0.0
343043,38,0.625
343044,38,1.25
343045,38,1.875
343046,38,2.5
343047,38,3.125
343048,38,3.75
343049,38,4.375
343050,38,5
343051,38,5.625
343052,38,6.25
343053,38,6.875
343054,38,7.5
343055,38,8.125
343056,38,8.75
343057,38,9.375
343058,38,10
343059,38,10.625
343060,38,11.25
343061,38,11.875
343062,38,12.5
343063,38,13.125
343064,38,13.75
343065,38,14.375
343066,38,15
343067,38,15.625
343068,38,16.25
343069,38,16.875
343070,38,17.5
343071,38,18.125
343072,38,18.75
343073,38,19.375
343074,38,20
343075,38,20.625
343076,38,21.25
343077,38,21.875
343078,38,22.5
343079,38,23.125
343080,38,23.75
343081,38,24.375
343082,38,25
343083,38,25.625
343084,38,26.25
343085,38,26.875
343086,38,27.5
343087,38,28.125
343088,38,28.75
343089,38,29.375
343090,38,30
343091,38,30.625
343092,38,31.25
343093,38,31.875
343094,38,32.5
343095,38,33.125
343096,38,33.75
343097,38,34.375
343098,38,35
343099,38,35.625
343100,38,36.25
343101,38,36.875
343102,38,37.5
343103,38,38.125
343104,38,38.75
343105,38,39.375
343601,38.5,-10.625
343602,38.5,-10
343603,38.5,-9.375
343604,38.5,-8.75
343605,38.5,-8.125
343606,38.5,-7.5
343607,38.5,-6.875
343608,38.5,-6.25
343609,38.5,-5.625
343610,38.5,-5
343611,38.5,-4.375
343612,38.5,-3.75
343613,38.5,-3.125
343614,38.5,-2.5
343615,38.5,-1.875
343616,38.5,-1.25
343617,38.5,-0.625
343618,38.5,0.0
343619,38.5,0.625
343620,38.5,1.25
343621,38.5,1.875
343622,38.5,2.5
343623,38.5,3.125
343624,38.5,3.75
343625,38.5,4.375
343626,38.5,5
343627,38.5,5.625
343628,38.5,6.25
343629,38.5,6.875
343630,38.5,7.5
343631,38.5,8.125
343632,38.5,8.75
343633,38.5,9.375
343634,38.5,10
343635,38.5,10.625
343636,38.5,11.25
343637,38.5,11.875
343638,38.5,12.5
343639,38.5,13.125
343640,38.5,13.75
343641,38.5,14.375
343642,38.5,15
343643,38.5,15.625
343644,38.5,16.25
343645,38.5,16.875
343646,38.5,17.5
343647,38.5,18.125
343648,38.5,18.75
343649,38.5,19.375
343650,38.5,20
343651,38.5,20.625
343652,38.5,21.25
343653,38.5,21.875
343654,38.5,22.5
343655,38.5,23.125
343656,38.5,23.75
343657,38.5,24.375
343658,38.5,25
343659,38.5,25.625
343660,38.5,26.25
343661,38.5,26.875
343662,38.5,27.5
343663,38.5,28.125
343664,38.5,28.75
343665,38.5,29.375
343666,38.5,30
343667,38.5,30.625
343668,38.5,31.25
343669,38.5,31.875
343670,38.5,32.5
343671,38.5,33.125
343672,38.5,33.75
343673,38.5,34.375
343674,38.5,35
343675,38.5,35.625
343676,38.5,36.25
343677,38.5,36.875
343678,38.5,37.5
343679,38.5,38.125
343680,38.5,38.75
343681,38.5,39.375
344177,39,-10.625
344178,39,-10
344179,39,-9.375
344180,39,-8.75
344181,39,-8.125
344182,39,-7.5
344183,39,-6.875
344184,39,-6.25
344185,39,-5.625
344186,39,-5
344187,39,-4.375
344188,39,-3.75
344189,39,-3.125
344190,39,-2.5
344191,39,-1.875
344192,39,-1.25
344193,39,-0.625
344194,39,0.0
344195,39,0.625
344196,39,1.25
344197,39,1.875
344198,39,2.5
344199,39,3.125
344200,39,3.75
344201,39,4.375
344202,39,5
344203,39,5.625
344204,39,6.25
344205,39,6.875
344206,39,7.5
344207,39,8.125
344208,39,8.75
344209,39,9.375
344210,39,10
344211,39,10.625
344212,39,11.25
344213,39,11.875
344214,39,12.5
344215,39,13.125
344216,39,13.75
344217,39,14.375
344218,39,15
344219,39,15.625
344220,39,16.25
344221,39,16.875
344222,39,17.5
344223,39,18.125
344224,39,18.75
344225,39,19.375
344226,39,20
344227,39,20.625
344228,39,21.25
344229,39,21.875
344230,39,22.5
344231,39,23.125
344232,39,23.75
344233,39,24.375
344234,39,25
344235,39,25.625
344236,39,26.25
344237,39,26.875
344238,39,27.5
344239,39,28.125
344240,39,28.75
344241,39,29.375
344242,39,30
344243,39,30.625
344244,39,31.25
344245,39,31.875
344246,39,32.5
344247,39,33.125
344248,39,33.75
344249,39,34.375
344250,39,35
344251,39,35.625
344252,39,36.25
344253,39,36.875
344254,39,37.5
344255,39,38.125
344256,39,38.75
344257,39,39.375
344753,39.5,-10.625
344754,39.5,-10
344755,39.5,-9.375
344756,39.5,-8.75
344757,39.5,-8.125
344758,39.5,-7.5
344759,39.5,-6.875
344760,39.5,-6.25
344761,39.5,-5.625
344762,39.5,-5
344763,39.5,-4.375
344764,39.5,-3.75
344765,39.5,-3.125
344766,39.5,-2.5
344767,39.5,-1.875
344768,39.5,-1.25
344769,39.5,-0.625
344770,39.5,0.0
344771,39.5,0.625
344772,39.5,1.25
344773,39.5,1.875
344774,39.5,2.5
344775,39.5,3.125
344776,39.5,3.75
344777,39.5,4.375
344778,39.5,5
344779,39.5,5.625
344780,39.5,6.25
344781,39.5,6.875
344782,39.5,7.5
344783,39.5,8.125
344784,39.5,8.75
344785,39.5,9.375
344786,39.5,10
344787,39.5,10.625
344788,39.5,11.25
344789,39.5,11.875
344790,39.5,12.5
344791,39.5,13.125
344792,39.5,13.75
344793,39.5,14.375
344794,39.5,15
344795,39.5,15.625
344796,39.5,16.25
344797,39.5,16.875
344798,39.5,17.5
344799,39.5,18.125
344800,39.5,18.75
344801,39.5,19.375
344802,39.5,20
344803,39.5,20.625
344804,39.5,21.25
344805,39.5,21.875
344806,39.5,22.5
344807,39.5,23.125
344808,39.5,23.75
344809,39.5,24.375
344810,39.5,25
344811,39.5,25.625
344812,39.5,26.25
344813,39.5,26.875
344814,39.5,27.5
344815,39.5,28.125
344816,39.5,28.75
344817,39.5,29.375
344818,39.5,30
344819,39.5,30.625
344820,39.5,31.25
344821,39.5,31.875
344822,39.5,32.5
344823,39.5,33.125
344824,39.5,33.75
344825,39.5,34.375
344826,39.5,35
344827,39.5,35.625
344828,39.5,36.25
344829,39.5,36.875
344830,39.5,37.5
344831,39.5,38.125
344832,39.5,38.75
344833,39.5,39.375
345329,40,-10.625
345330,40,-10
345331,40,-9.375
345332,40,-8.75
345333,40,-8.125
345334,40,-7.5
345335,40,-6.875
345336,40,-6.25
345337,40,-5.625
345338,40,-5
345339,40,-4.375
345340,40,-3.75
345341,40,-3.125
345342,40,-2.5
345343,40,-1.875
345344,40,-1.25
345345,40,-0.625
345346,40,0.0
345347,40,0.625
345348,40,1.25
345349,40,1.875
345350,40,2.5
345351,40,3.125
345352,40,3.75
345353,40,4.375
345354,40,5
345355,40,5.625
345356,40,6.25
345357,40,6.875
345358,40,7.5
345359,40,8.125
345360,40,8.75
345361,40,9.375
345362,40,10
345363,40,10.625
345364,40,11.25
345365,40,11.875
345366,40,12.5
345367,40,13.125
345368,40,13.75
345369,40,14.375
345370,40,15
345371,40,15.625
345372,40,16.25
345373,40,16.875
345374,40,17.5
345375,40,18.125
345376,40,18.75
345377,40,19.375
345378,40,20
345379,40,20.625
345380,40,21.25
345381,40,21.875
345382,40,22.5
345383,40,23.125
345384,40,23.75
345385,40,24.375
345386,40,25
345387,40,25.625
345388,40,26.25
345389,40,26.875
345390,40,27.5
345391,40,28.125
345392,40,28.75
345393,40,29.375
345394,40,30
345395,40,30.625
345396,40,31.25
345397,40,31.875
345398,40,32.5
345399,40,33.125
345400,40,33.75
345401,40,34.375
345402,40,35
345403,40,35.625
345404,40,36.25
345405,40,36.875
345406,40,37.5
345407,40,38.125
345408,40,38.75
345409,40,39.375
345905,40.5,-10.625
345906,40.5,-10
345907,40.5,-9.375
345908,40.5,-8.75
345909,40.5,-8.125
345910,40.5,-7.5
345911,40.5,-6.875
345912,40.5,-6.25
345913,40.5,-5.625
345914,40.5,-5
345915,40.5,-4.375
345916,40.5,-3.75
345917,40.5,-3.125
345918,40.5,-2.5
345919,40.5,-1.875
345920,40.5,-1.25
345921,40.5,-0.625
345922,40.5,0.0
345923,40.5,0.625
345924,40.5,1.25
345925,40.5,1.875
345926,40.5,2.5
345927,40.5,3.125
345928,40.5,3.75
345929,40.5,4.375
345930,40.5,5
345931,40.5,5.625
345932,40.5,6.25
345933,40.5,6.875
345934,40.5,7.5
345935,40.5,8.125
345936,40.5,8.75
345937,40.5,9.375
345938,40.5,10
345939,40.5,10.625
345940,40.5,11.25
345941,40.5,11.875
345942,40.5,12.5
345943,40.5,13.125
345944,40.5,13.75
345945,40.5,14.375
345946,40.5,15
345947,40.5,15.625
345948,40.5,16.25
345949,40.5,16.875
345950,40.5,17.5
345951,40.5,18.125
345952,40.5,18.75
345953,40.5,19.375
345954,40.5,20
345955,40.5,20.625
345956,40.5,21.25
345957,40.5,21.875
345958,40.5,22.5
345959,40.5,23.125
345960,40.5,23.75
345961,40.5,24.375
345962,40.5,25
345963,40.5,25.625
345964,40.5,26.25
345965,40.5,26.875
345966,40.5,27.5
345967,40.5,28.125
345968,40.5,28.75
345969,40.5,29.375
345970,40.5,30
345971,40.5,30.625
345972,40.5,31.25
345973,40.5,31.875
345974,40.5,32.5
345975,40.5,33.125
345976,40.5,33.75
345977,40.5,34.375
345978,40.5,35
345979,40.5,35.625
345980,40.5,36.25
345981,40.5,36.875
345982,40.5,37.5
345983,40.5,38.125
345984,40.5,38.75
345985,40.5,39.375
346481,41,-10.625
346482,41,-10
346483,41,-9.375
346484,41,-8.75
346485,41,-8.125
346486,41,-7.5
346487,41,-6.875
346488,41,-6.25
346489,41,-5.625
346490,41,-5
346491,41,-4.375
346492,41,-3.75
346493,41,-3.125
346494,41,-2.5
346495,41,-1.875
346496,41,-1.25
346497,41,-0.625
346498,41,0.0
346499,41,0.625
346500,41,1.25
346501,41,1.875
346502,41,2.5
346503,41,3.125
346504,41,3.75
346505,41,4.375
346506,41,5
346507,41,5.625
346508,41,6.25
346509,41,6.875
346510,41,7.5
346511,41,8.125
346512,41,8.75
346513,41,9.375
346514,41,10
346515,41,10.625
346516,41,11.25
346517,41,11.875
346518,41,12.5
346519,41,13.125
346520,41,13.75
346521,41,14.375
346522,41,15
346523,41,15.625
346524,41,16.25
346525,41,16.875
346526,41,17.5
346527,41,18.125
346528,41,18.75
346529,41,19.375
346530,41,20
346531,41,20.625
346532,41,21.25
346533,41,21.875
346534,41,22.5
346535,41,23.125
346536,41,23.75
346537,41,24.375
346538,41,25
346539,41,25.625
346540,41,26.25
346541,41,26.875
346542,41,27.5
346543,41,28.125
346544,41,28.75
346545,41,29.375
346546,41,30
346547,41,30.625
346548,41,31.25
346549,41,31.875
346550,41,32.5
346551,41,33.125
346552,41,33.75
346553,41,34.375
346554,41,35
346555,41,35.625
346556,41,36.25
346557,41,36.875
346558,41,37.5
346559,41,38.125
346560,41,38.75
346561,41,39.375
347057,41.5,-10.625
347058,41.5,-10
347059,41.5,-9.375
347060,41.5,-8.75
347061,41.5,-8.125
347062,41.5,-7.5
347063,41.5,-6.875
347064,41.5,-6.25
347065,41.5,-5.625
347066,41.5,-5
347067,41.5,-4.375
347068,41.5,-3.75
347069,41.5,-3.125
347070,41.5,-2.5
347071,41.5,-1.875
347072,41.5,-1.25
347073,41.5,-0.625
347074,41.5,0.0
347075,41.5,0.625
347076,41.5,1.25
347077,41.5,1.875
347078,41.5,2.5
347079,41.5,3.125
347080,41.5,3.75
347081,41.5,4.375
347082,41.5,5
347083,41.5,5.625
347084,41.5,6.25
347085,41.5,6.875
347086,41.5,7.5
347087,41.5,8.125
347088,41.5,8.75
347089,41.5,9.375
347090,41.5,10
347091,41.5,10.625
347092,41.5,11.25
347093,41.5,11.875
347094,41.5,12.5
347095,41.5,13.125
347096,41.5,13.75
347097,41.5,14.375
347098,41.5,15
347099,41.5,15.625
347100,41.5,16.25
347101,41.5,16.875
347102,41.5,17.5
347103,41.5,18.125
347104,41.5,18.75
347105,41.5,19.375
347106,41.5,20
347107,41.5,20.625
347108,41.5,21.25
347109,41.5,21.875
347110,41.5,22.5
347111,41.5,23.125
347112,41.5,23.75
347113,41.5,24.375
347114,41.5,25
347115,41.5,25.625
347116,41.5,26.25
347117,41.5,26.875
347118,41.5,27.5
347119,41.5,28.125
347120,41.5,28.75
347121,41.5,29.375
347122,41.5,30
347123,41.5,30.625
347124,41.5,31.25
347125,41.5,31.875
347126,41.5,32.5
347127,41.5,33.125
347128,41.5,33.75
347129,41.5,34.375
347130,41.5,35
347131,41.5,35.625
347132,41.5,36.25
347133,41.5,36.875
347134,41.5,37.5
347135,41.5,38.125
347136,41.5,38.75
347137,41.5,39.375
347633,42,-10.625
347634,42,-10
347635,42,-9.375
347636,42,-8.75
347637,42,-8.125
347638,42,-7.5
347639,42,-6.875
347640,42,-6.25
347641,42,-5.625
347642,42,-5
347643,42,-4.375
347644,42,-3.75
347645,42,-3.125
347646,42,-2.5
347647,42,-1.875
347648,42,-1.25
347649,42,-0.625
347650,42,0.0
347651,42,0.625
347652,42,1.25
347653,42,1.875
347654,42,2.5
347655,42,3.125
347656,42,3.75
347657,42,4.375
347658,42,5
347659,42,5.625
347660,42,6.25
347661,42,6.875
347662,42,7.5
347663,42,8.125
347664,42,8.75
347665,42,9.375
347666,42,10
347667,42,10.625
347668,42,11.25
347669,42,11.875
347670,42,12.5
347671,42,13.125
347672,42,13.75
347673,42,14.375
347674,42,15
347675,42,15.625
347676,42,16.25
347677,42,16.875
347678,42,17.5
347679,42,18.125
347680,42,18.75
347681,42,19.375
347682,42,20
347683,42,20.625
347684,42,21.25
347685,42,21.875
347686,42,22.5
347687,42,23.125
347688,42,23.75
347689,42,24.375
347690,42,25
347691,42,25.625
347692,42,26.25
347693,42,26.875
347694,42,27.5
347695,42,28.125
347696,42,28.75
347697,42,29.375
347698,42,30
347699,42,30.625
347700,42,31.25
347701,42,31.875
347702,42,32.5
347703,42,33.125
347704,42,33.75
347705,42,34.375
347706,42,35
347707,42,35.625
347708,42,36.25
347709,42,36.875
347710,42,37.5
347711,42,38.125
347712,42,38.75
347713,42,39.375
348209,42.5,-10.625
348210,42.5,-10
348211,42.5,-9.375
348212,42.5,-8.75
348213,42.5,-8.125
348214,42.5,-7.5
348215,42.5,-6.875
348216,42.5,-6.25
348217,42.5,-5.625
348218,42.5,-5
348219,42.5,-4.375
348220,42.5,-3.75
348221,42.5,-3.125
348222,42.5,-2.5
348223,42.5,-1.875
348224,42.5,-1.25
348225,42.5,-0.625
348226,42.5,0.0
348227,42.5,0.625
348228,42.5,1.25
348229,42.5,1.875
348230,42.5,2.5
348231,42.5,3.125
348232,42.5,3.75
348233,42.5,4.375
348234,42.5,5
348235,42.5,5.625
348236,42.5,6.25
348237,42.5,6.875
348238,42.5,7.5
348239,42.5,8.125
348240,42.5,8.75
348241,42.5,9.375
348242,42.5,10
348243,42.5,10.625
348244,42.5,11.25
348245,42.5,11.875
348246,42.5,12.5
348247,42.5,13.125
348248,42.5,13.75
348249,42.5,14.375
348250,42.5,15
348251,42.5,15.625
348252,42.5,16.25
348253,42.5,16.875
348254,42.5,17.5
348255,42.5,18.125
348256,42.5,18.75
348257,42.5,19.375
348258,42.5,20
348259,42.5,20.625
348260,42.5,21.25
348261,42.5,21.875
348262,42.5,22.5
348263,42.5,23.125
348264,42.5,23.75
348265,42.5,24.375
348266,42.5,25
348267,42.5,25.625
348268,42.5,26.25
348269,42.5,26.875
348270,42.5,27.5
348271,42.5,28.125
348272,42.5,28.75
348273,42.5,29.375
348274,42.5,30
348275,42.5,30.625
348276,42.5,31.25
348277,42.5,31.875
348278,42.5,32.5
348279,42.5,33.125
348280,42.5,33.75
348281,42.5,34.375
348282,42.5,35
348283,42.5,35.625
348284,42.5,36.25
348285,42.5,36.875
348286,42.5,37.5
348287,42.5,38.125
348288,42.5,38.75
348289,42.5,39.375
348785,43,-10.625
348786,43,-10
348787,43,-9.375
348788,43,-8.75
348789,43,-8.125
348790,43,-7.5
348791,43,-6.875
348792,43,-6.25
348793,43,-5.625
348794,43,-5
348795,43,-4.375
348796,43,-3.75
348797,43,-3.125
348798,43,-2.5
348799,43,-1.875
348800,43,-1.25
348801,43,-0.625
348802,43,0.0
348803,43,0.625
348804,43,1.25
348805,43,1.875
348806,43,2.5
348807,43,3.125
348808,43,3.75
348809,43,4.375
348810,43,5
348811,43,5.625
348812,43,6.25
348813,43,6.875
348814,43,7.5
348815,43,8.125
348816,43,8.75
348817,43,9.375
348818,43,10
348819,43,10.625
348820,43,11.25
348821,43,11.875
348822,43,12.5
348823,43,13.125
348824,43,13.75
348825,43,14.375
348826,43,15
348827,43,15.625
348828,43,16.25
348829,43,16.875
348830,43,17.5
348831,43,18.125
348832,43,18.75
348833,43,19.375
348834,43,20
348835,43,20.625
348836,43,21.25
348837,43,21.875
348838,43,22.5
348839,43,23.125
348840,43,23.75
348841,43,24.375
348842,43,25
348843,43,25.625
348844,43,26.25
348845,43,26.875
348846,43,27.5
348847,43,28.125
348848,43,28.75
348849,43,29.375
348850,43,30
348851,43,30.625
348852,43,31.25
348853,43,31.875
348854,43,32.5
348855,43,33.125
348856,43,33.75
348857,43,34.375
348858,43,35
348859,43,35.625
348860,43,36.25
348861,43,36.875
348862,43,37.5
348863,43,38.125
348864,43,38.75
348865,43,39.375
349361,43.5,-10.625
349362,43.5,-10
349363,43.5,-9.375
349364,43.5,-8.75
349365,43.5,-8.125
349366,43.5,-7.5
349367,43.5,-6.875
349368,43.5,-6.25
349369,43.5,-5.625
349370,43.5,-5
349371,43.5,-4.375
349372,43.5,-3.75
349373,43.5,-3.125
349374,43.5,-2.5
349375,43.5,-1.875
349376,43.5,-1.25
349377,43.5,-0.625
349378,43.5,0.0
349379,43.5,0.625
349380,43.5,1.25
349381,43.5,1.875
349382,43.5,2.5
349383,43.5,3.125
349384,43.5,3.75
349385,43.5,4.375
349386,43.5,5
349387,43.5,5.625
349388,43.5,6.25
349389,43.5,6.875
349390,43.5,7.5
349391,43.5,8.125
349392,43.5,8.75
349393,43.5,9.375
349394,43.5,10
349395,43.5,10.625
349396,43.5,11.25
349397,43.5,11.875
349398,43.5,12.5
349399,43.5,13.125
349400,43.5,13.75
349401,43.5,14.375
349402,43.5,15
349403,43.5,15.625
349404,43.5,16.25
349405,43.5,16.875
349406,43.5,17.5
349407,43.5,18.125
349408,43.5,18.75
349409,43.5,19.375
349410,43.5,20
349411,43.5,20.625
349412,43.5,21.25
349413,43.5,21.875
349414,43.5,22.5
349415,43.5,23.125
349416,43.5,23.75
349417,43.5,24.375
349418,43.5,25
349419,43.5,25.625
349420,43.5,26.25
349421,43.5,26.875
349422,43.5,27.5
349423,43.5,28.125
349424,43.5,28.75
349425,43.5,29.375
349426,43.5,30
349427,43.5,30.625
349428,43.5,31.25
349429,43.5,31.875
349430,43.5,32.5
349431,43.5,33.125
349432,43.5,33.75
349433,43.5,34.375
349434,43.5,35
349435,43.5,35.625
349436,43.5,36.25
349437,43.5,36.875
349438,43.5,37.5
349439,43.5,38.125
349440,43.5,38.75
349441,43.5,39.375
349937,44,-10.625
349938,44,-10
349939,44,-9.375
349940,44,-8.75
349941,44,-8.125
349942,44,-7.5
349943,44,-6.875
349944,44,-6.25
349945,44,-5.625
349946,44,-5
349947,44,-4.375
349948,44,-3.75
349949,44,-3.125
349950,44,-2.5
349951,44,-1.875
349952,44,-1.25
349953,44,-0.625
349954,44,0.0
349955,44,0.625
349956,44,1.25
349957,44,1.875
349958,44,2.5
349959,44,3.125
349960,44,3.75
349961,44,4.375
349962,44,5
349963,44,5.625
349964,44,6.25
349965,44,6.875
349966,44,7.5
349967,44,8.125
349968,44,8.75
349969,44,9.375
349970,44,10
349971,44,10.625
349972,44,11.25
349973,44,11.875
349974,44,12.5
349975,44,13.125
349976,44,13.75
349977,44,14.375
349978,44,15
349979,44,15.625
349980,44,16.25
349981,44,16.875
349982,44,17.5
349983,44,18.125
349984,44,18.75
349985,44,19.375
349986,44,20
349987,44,20.625
349988,44,21.25
349989,44,21.875
349990,44,22.5
349991,44,23.125
349992,44,23.75
349993,44,24.375
349994,44,25
349995,44,25.625
349996,44,26.25
349997,44,26.875
349998,44,27.5
349999,44,28.125
350000,44,28.75
350001,44,29.375
350002,44,30
350003,44,30.625
350004,44,31.25
350005,44,31.875
350006,44,32.5
350007,44,33.125
350008,44,33.75
350009,44,34.375
350010,44,35
350011,44,35.625
350012,44,36.25
350013,44,36.875
350014,44,37.5
350015,44,38.125
350016,44,38.75
350017,44,39.375
350513,44.5,-10.625
350514,44.5,-10
350515,44.5,-9.375
350516,44.5,-8.75
350517,44.5,-8.125
350518,44.5,-7.5
350519,44.5,-6.875
350520,44.5,-6.25
350521,44.5,-5.625
350522,44.5,-5
350523,44.5,-4.375
350524,44.5,-3.75
350525,44.5,-3.125
350526,44.5,-2.5
350527,44.5,-1.875
350528,44.5,-1.25
350529,44.5,-0.625
350530,44.5,0.0
350531,44.5,0.625
350532,44.5,1.25
350533,44.5,1.875
350534,44.5,2.5
350535,44.5,3.125
350536,44.5,3.75
350537,44.5,4.375
350538,44.5,5
350539,44.5,5.625
350540,44.5,6.25
350541,44.5,6.875
350542,44.5,7.5
350543,44.5,8.125
350544,44.5,8.75
350545,44.5,9.375
350546,44.5,10
350547,44.5,10.625
350548,44.5,11.25
350549,44.5,11.875
350550,44.5,12.5
350551,44.5,13.125
350552,44.5,13.75
350553,44.5,14.375
350554,44.5,15
350555,44.5,15.625
350556,44.5,16.25
350557,44.5,16.875
350558,44.5,17.5
350559,44.5,18.125
350560,44.5,18.75
350561,44.5,19.375
350562,44.5,20
350563,44.5,20.625
350564,44.5,21.25
350565,44.5,21.875
350566,44.5,22.5
350567,44.5,23.125
350568,44.5,23.75
350569,44.5,24.375
350570,44.5,25
350571,44.5,25.625
350572,44.5,26.25
350573,44.5,26.875
350574,44.5,27.5
350575,44.5,28.125
350576,44.5,28.75
350577,44.5,29.375
350578,44.5,30
350579,44.5,30.625
350580,44.5,31.25
350581,44.5,31.875
350582,44.5,32.5
350583,44.5,33.125
350584,44.5,33.75
350585,44.5,34.375
350586,44.5,35
350587,44.5,35.625
350588,44.5,36.25
350589,44.5,36.875
350590,44.5,37.5
350591,44.5,38.125
350592,44.5,38.75
350593,44.5,39.375
351089,45,-10.625
351090,45,-10
351091,45,-9.375
351092,45,-8.75
351093,45,-8.125
351094,45,-7.5
351095,45,-6.875
351096,45,-6.25
351097,45,-5.625
351098,45,-5
351099,45,-4.375
351100,45,-3.75
351101,45,-3.125
351102,45,-2.5
351103,45,-1.875
351104,45,-1.25
351105,45,-0.625
351106,45,0.0
351107,45,0.625
351108,45,1.25
351109,45,1.875
351110,45,2.5
351111,45,3.125
351112,45,3.75
351113,45,4.375
351114,45,5
351115,45,5.625
351116,45,6.25
351117,45,6.875
351118,45,7.5
351119,45,8.125
351120,45,8.75
351121,45,9.375
351122,45,10
351123,45,10.625
351124,45,11.25
351125,45,11.875
351126,45,12.5
351127,45,13.125
351128,45,13.75
351129,45,14.375
351130,45,15
351131,45,15.625
351132,45,16.25
351133,45,16.875
351134,45,17.5
351135,45,18.125
351136,45,18.75
351137,45,19.375
351138,45,20
351139,45,20.625
351140,45,21.25
351141,45,21.875
351142,45,22.5
351143,45,23.125
351144,45,23.75
351145,45,24.375
351146,45,25
351147,45,25.625
351148,45,26.25
351149,45,26.875
351150,45,27.5
351151,45,28.125
351152,45,28.75
351153,45,29.375
351154,45,30
351155,45,30.625
351156,45,31.25
351157,45,31.875
351158,45,32.5
351159,45,33.125
351160,45,33.75
351161,45,34.375
351162,45,35
351163,45,35.625
351164,45,36.25
351165,45,36.875
351166,45,37.5
351167,45,38.125
351168,45,38.75
351169,45,39.375
351665,45.5,-10.625
351666,45.5,-10
351667,45.5,-9.375
351668,45.5,-8.75
351669,45.5,-8.125
351670,45.5,-7.5
351671,45.5,-6.875
351672,45.5,-6.25
351673,45.5,-5.625
351674,45.5,-5
351675,45.5,-4.375
351676,45.5,-3.75
351677,45.5,-3.125
351678,45.5,-2.5
351679,45.5,-1.875
351680,45.5,-1.25
351681,45.5,-0.625
351682,45.5,0.0
351683,45.5,0.625
351684,45.5,1.25
351685,45.5,1.875
351686,45.5,2.5
351687,45.5,3.125
351688,45.5,3.75
351689,45.5,4.375
351690,45.5,5
351691,45.5,5.625
351692,45.5,6.25
351693,45.5,6.875
351694,45.5,7.5
351695,45.5,8.125
351696,45.5,8.75
351697,45.5,9.375
351698,45.5,10
351699,45.5,10.625
351700,45.5,11.25
351701,45.5,11.875
351702,45.5,12.5
351703,45.5,13.125
351704,45.5,13.75
351705,45.5,14.375
351706,45.5,15
351707,45.5,15.625
351708,45.5,16.25
351709,45.5,16.875
351710,45.5,17.5
351711,45.5,18.125
351712,45.5,18.75
351713,45.5,19.375
351714,45.5,20
351715,45.5,20.625
351716,45.5,21.25
351717,45.5,21.875
351718,45.5,22.5
351719,45.5,23.125
351720,45.5,23.75
351721,45.5,24.375
351722,45.5,25
351723,45.5,25.625
351724,45.5,26.25
351725,45.5,26.875
351726,45.5,27.5
351727,45.5,28.125
351728,45.5,28.75
351729,45.5,29.375
351730,45.5,30
351731,45.5,30.625
351732,45.5,31.25
351733,45.5,31.875
351734,45.5,32.5
351735,45.5,33.125
351736,45.5,33.75
351737,45.5,34.375
351738,45.5,35
351739,45.5,35.625
351740,45.5,36.25
351741,45.5,36.875
351742,45.5,37.5
351743,45.5,38.125
351744,45.5,38.75
351745,45.5,39.375
352241,46,-10.625
352242,46,-10
352243,46,-9.375
352244,46,-8.75
352245,46,-8.125
352246,46,-7.5
352247,46,-6.875
352248,46,-6.25
352249,46,-5.625
352250,46,-5
352251,46,-4.375
352252,46,-3.75
352253,46,-3.125
352254,46,-2.5
352255,46,-1.875
352256,46,-1.25
352257,46,-0.625
352258,46,0.0
352259,46,0.625
352260,46,1.25
352261,46,1.875
352262,46,2.5
352263,46,3.125
352264,46,3.75
352265,46,4.375
352266,46,5
352267,46,5.625
352268,46,6.25
352269,46,6.875
352270,46,7.5
352271,46,8.125
352272,46,8.75
352273,46,9.375
352274,46,10
352275,46,10.625
352276,46,11.25
352277,46,11.875
352278,46,12.5
352279,46,13.125
352280,46,13.75
352281,46,14.375
352282,46,15
352283,46,15.625
352284,46,16.25
352285,46,16.875
352286,46,17.5
352287,46,18.125
352288,46,18.75
352289,46,19.375
352290,46,20
352291,46,20.625
352292,46,21.25
352293,46,21.875
352294,46,22.5
352295,46,23.125
352296,46,23.75
352297,46,24.375
352298,46,25
352299,46,25.625
352300,46,26.25
352301,46,26.875
352302,46,27.5
352303,46,28.125
352304,46,28.75
352305,46,29.375
352306,46,30
352307,46,30.625
352308,46,31.25
352309,46,31.875
352310,46,32.5
352311,46,33.125
352312,46,33.75
352313,46,34.375
352314,46,35
352315,46,35.625
352316,46,36.25
352317,46,36.875
352318,46,37.5
352319,46,38.125
352320,46,38.75
352321,46,39.375
352817,46.5,-10.625
352818,46.5,-10
352819,46.5,-9.375
352820,46.5,-8.75
352821,46.5,-8.125
352822,46.5,-7.5
352823,46.5,-6.875
352824,46.5,-6.25
352825,46.5,-5.625
352826,46.5,-5
352827,46.5,-4.375
352828,46.5,-3.75
352829,46.5,-3.125
352830,46.5,-2.5
352831,46.5,-1.875
352832,46.5,-1.25
352833,46.5,-0.625
352834,46.5,0.0
352835,46.5,0.625
352836,46.5,1.25
352837,46.5,1.875
352838,46.5,2.5
352839,46.5,3.125
352840,46.5,3.75
352841,46.5,4.375
352842,46.5,5
352843,46.5,5.625
352844,46.5,6.25
352845,46.5,6.875
352846,46.5,7.5
352847,46.5,8.125
352848,46.5,8.75
352849,46.5,9.375
352850,46.5,10
352851,46.5,10.625
352852,46.5,11.25
352853,46.5,11.875
352854,46.5,12.5
352855,46.5,13.125
352856,46.5,13.75
352857,46.5,14.375
352858,46.5,15
352859,46.5,15.625
352860,46.5,16.25
352861,46.5,16.875
352862,46.5,17.5
352863,46.5,18.125
352864,46.5,18.75
352865,46.5,19.375
352866,46.5,20
352867,46.5,20.625
352868,46.5,21.25
352869,46.5,21.875
352870,46.5,22.5
352871,46.5,23.125
352872,46.5,23.75
352873,46.5,24.375
352874,46.5,25
352875,46.5,25.625
352876,46.5,26.25
352877,46.5,26.875
352878,46.5,27.5
352879,46.5,28.125
352880,46.5,28.75
352881,46.5,29.375
352882,46.5,30
352883,46.5,30.625
352884,46.5,31.25
352885,46.5,31.875
352886,46.5,32.5
352887,46.5,33.125
352888,46.5,33.75
352889,46.5,34.375
352890,46.5,35
352891,46.5,35.625
352892,46.5,36.25
352893,46.5,36.875
352894,46.5,37.5
352895,46.5,38.125
352896,46.5,38.75
352897,46.5,39.375
353393,47,-10.625
353394,47,-10
353395,47,-9.375
353396,47,-8.75
353397,47,-8.125
353398,47,-7.5
353399,47,-6.875
353400,47,-6.25
353401,47,-5.625
353402,47,-5
353403,47,-4.375
353404,47,-3.75
353405,47,-3.125
353406,47,-2.5
353407,47,-1.875
353408,47,-1.25
353409,47,-0.625
353410,47,0.0
353411,47,0.625
353412,47,1.25
353413,47,1.875
353414,47,2.5
353415,47,3.125
353416,47,3.75
353417,47,4.375
353418,47,5
353419,47,5.625
353420,47,6.25
353421,47,6.875
353422,47,7.5
353423,47,8.125
353424,47,8.75
353425,47,9.375
353426,47,10
353427,47,10.625
353428,47,11.25
353429,47,11.875
353430,47,12.5
353431,47,13.125
353432,47,13.75
353433,47,14.375
353434,47,15
353435,47,15.625
353436,47,16.25
353437,47,16.875
353438,47,17.5
353439,47,18.125
353440,47,18.75
353441,47,19.375
353442,47,20
353443,47,20.625
353444,47,21.25
353445,47,21.875
353446,47,22.5
353447,47,23.125
353448,47,23.75
353449,47,24.375
353450,47,25
353451,47,25.625
353452,47,26.25
353453,47,26.875
353454,47,27.5
353455,47,28.125
353456,47,28.75
353457,47,29.375
353458,47,30
353459,47,30.625
353460,47,31.25
353461,47,31.875
353462,47,32.5
353463,47,33.125
353464,47,33.75
353465,47,34.375
353466,47,35
353467,47,35.625
353468,47,36.25
353469,47,36.875
353470,47,37.5
353471,47,38.125
353472,47,38.75
353473,47,39.375
353969,47.5,-10.625
353970,47.5,-10
353971,47.5,-9.375
353972,47.5,-8.75
353973,47.5,-8.125
353974,47.5,-7.5
353975,47.5,-6.875
353976,47.5,-6.25
353977,47.5,-5.625
353978,47.5,-5
353979,47.5,-4.375
353980,47.5,-3.75
353981,47.5,-3.125
353982,47.5,-2.5
353983,47.5,-1.875
353984,47.5,-1.25
353985,47.5,-0.625
353986,47.5,0.0
353987,47.5,0.625
353988,47.5,1.25
353989,47.5,1.875
353990,47.5,2.5
353991,47.5,3.125
353992,47.5,3.75
353993,47.5,4.375
353994,47.5,5
353995,47.5,5.625
353996,47.5,6.25
353997,47.5,6.875
353998,47.5,7.5
353999,47.5,8.125
354000,47.5,8.75
354001,47.5,9.375
354002,47.5,10
354003,47.5,10.625
354004,47.5,11.25
354005,47.5,11.875
354006,47.5,12.5
354007,47.5,13.125
354008,47.5,13.75
354009,47.5,14.375
354010,47.5,15
354011,47.5,15.625
354012,47.5,16.25
354013,47.5,16.875
354014,47.5,17.5
354015,47.5,18.125
354016,47.5,18.75
354017,47.5,19.375
354018,47.5,20
354019,47.5,20.625
354020,47.5,21.25
354021,47.5,21.875
354022,47.5,22.5
354023,47.5,23.125
354024,47.5,23.75
354025,47.5,24.375
354026,47.5,25
354027,47.5,25.625
354028,47.5,26.25
354029,47.5,26.875
354030,47.5,27.5
354031,47.5,28.125
354032,47.5,28.75
354033,47.5,29.375
354034,47.5,30
354035,47.5,30.625
354036,47.5,31.25
354037,47.5,31.875
354038,47.5,32.5
354039,47.5,33.125
354040,47.5,33.75
354041,47.5,34.375
354042,47.5,35
354043,47.5,35.625
354044,47.5,36.25
354045,47.5,36.875
354046,47.5,37.5
354047,47.5,38.125
354048,47.5,38.75
354049,47.5,39.375
354545,48,-10.625
354546,48,-10
354547,48,-9.375
354548,48,-8.75
354549,48,-8.125
354550,48,-7.5
354551,48,-6.875
354552,48,-6.25
354553,48,-5.625
354554,48,-5
354555,48,-4.375
354556,48,-3.75
354557,48,-3.125
354558,48,-2.5
354559,48,-1.875
354560,48,-1.25
354561,48,-0.625
354562,48,0.0
354563,48,0.625
354564,48,1.25
354565,48,1.875
354566,48,2.5
354567,48,3.125
354568,48,3.75
354569,48,4.375
354570,48,5
354571,48,5.625
354572,48,6.25
354573,48,6.875
354574,48,7.5
354575,48,8.125
354576,48,8.75
354577,48,9.375
354578,48,10
354579,48,10.625
354580,48,11.25
354581,48,11.875
354582,48,12.5
354583,48,13.125
354584,48,13.75
354585,48,14.375
354586,48,15
354587,48,15.625
354588,48,16.25
354589,48,16.875
354590,48,17.5
354591,48,18.125
354592,48,18.75
354593,48,19.375
354594,48,20
354595,48,20.625
354596,48,21.25
354597,48,21.875
354598,48,22.5
354599,48,23.125
354600,48,23.75
354601,48,24.375
354602,48,25
354603,48,25.625
354604,48,26.25
354605,48,26.875
354606,48,27.5
354607,48,28.125
354608,48,28.75
354609,48,29.375
354610,48,30
354611,48,30.625
354612,48,31.25
354613,48,31.875
354614,48,32.5
354615,48,33.125
354616,48,33.75
354617,48,34.375
354618,48,35
354619,48,35.625
354620,48,36.25
354621,48,36.875
354622,48,37.5
354623,48,38.125
354624,48,38.75
354625,48,39.375
355121,48.5,-10.625
355122,48.5,-10
355123,48.5,-9.375
355124,48.5,-8.75
355125,48.5,-8.125
355126,48.5,-7.5
355127,48.5,-6.875
355128,48.5,-6.25
355129,48.5,-5.625
355130,48.5,-5
355131,48.5,-4.375
355132,48.5,-3.75
355133,48.5,-3.125
355134,48.5,-2.5
355135,48.5,-1.875
355136,48.5,-1.25
355137,48.5,-0.625
355138,48.5,0.0
355139,48.5,0.625
355140,48.5,1.25
355141,48.5,1.875
355142,48.5,2.5
355143,48.5,3.125
355144,48.5,3.75
355145,48.5,4.375
355146,48.5,5
355147,48.5,5.625
355148,48.5,6.25
355149,48.5,6.875
355150,48.5,7.5
355151,48.5,8.125
355152,48.5,8.75
355153,48.5,9.375
355154,48.5,10
355155,48.5,10.625
355156,48.5,11.25
355157,48.5,11.875
355158,48.5,12.5
355159,48.5,13.125
355160,48.5,13.75
355161,48.5,14.375
355162,48.5,15
355163,48.5,15.625
355164,48.5,16.25
355165,48.5,16.875
355166,48.5,17.5
355167,48.5,18.125
355168,48.5,18.75
355169,48.5,19.375
355170,48.5,20
355171,48.5,20.625
355172,48.5,21.25
355173,48.5,21.875
355174,48.5,22.5
355175,48.5,23.125
355176,48.5,23.75
355177,48.5,24.375
355178,48.5,25
355179,48.5,25.625
355180,48.5,26.25
355181,48.5,26.875
355182,48.5,27.5
355183,48.5,28.125
355184,48.5,28.75
355185,48.5,29.375
355186,48.5,30
355187,48.5,30.625
355188,48.5,31.25
355189,48.5,31.875
355190,48.5,32.5
355191,48.5,33.125
355192,48.5,33.75
355193,48.5,34.375
355194,48.5,35
355195,48.5,35.625
355196,48.5,36.25
355197,48.5,36.875
355198,48.5,37.5
355199,48.5,38.125
355200,48.5,38.75
355201,48.5,39.375
355697,49,-10.625
355698,49,-10
355699,49,-9.375
355700,49,-8.75
355701,49,-8.125
355702,49,-7.5
355703,49,-6.875
355704,49,-6.25
355705,49,-5.625
355706,49,-5
355707,49,-4.375
355708,49,-3.75
355709,49,-3.125
355710,49,-2.5
355711,49,-1.875
355712,49,-1.25
355713,49,-0.625
355714,49,0.0
355715,49,0.625
355716,49,1.25
355717,49,1.875
355718,49,2.5
355719,49,3.125
355720,49,3.75
355721,49,4.375
355722,49,5
355723,49,5.625
355724,49,6.25
355725,49,6.875
355726,49,7.5
355727,49,8.125
355728,49,8.75
355729,49,9.375
355730,49,10
355731,49,10.625
355732,49,11.25
355733,49,11.875
355734,49,12.5
355735,49,13.125
355736,49,13.75
355737,49,14.375
355738,49,15
355739,49,15.625
355740,49,16.25
355741,49,16.875
355742,49,17.5
355743,49,18.125
355744,49,18.75
355745,49,19.375
355746,49,20
355747,49,20.625
355748,49,21.25
355749,49,21.875
355750,49,22.5
355751,49,23.125
355752,49,23.75
355753,49,24.375
355754,49,25
355755,49,25.625
355756,49,26.25
355757,49,26.875
355758,49,27.5
355759,49,28.125
355760,49,28.75
355761,49,29.375
355762,49,30
355763,49,30.625
355764,49,31.25
355765,49,31.875
355766,49,32.5
355767,49,33.125
355768,49,33.75
355769,49,34.375
355770,49,35
355771,49,35.625
355772,49,36.25
355773,49,36.875
355774,49,37.5
355775,49,38.125
355776,49,38.75
355777,49,39.375
356273,49.5,-10.625
356274,49.5,-10
356275,49.5,-9.375
356276,49.5,-8.75
356277,49.5,-8.125
356278,49.5,-7.5
356279,49.5,-6.875
356280,49.5,-6.25
356281,49.5,-5.625
356282,49.5,-5
356283,49.5,-4.375
356284,49.5,-3.75
356285,49.5,-3.125
356286,49.5,-2.5
356287,49.5,-1.875
356288,49.5,-1.25
356289,49.5,-0.625
356290,49.5,0.0
356291,49.5,0.625
356292,49.5,1.25
356293,49.5,1.875
356294,49.5,2.5
356295,49.5,3.125
356296,49.5,3.75
356297,49.5,4.375
356298,49.5,5
356299,49.5,5.625
356300,49.5,6.25
356301,49.5,6.875
356302,49.5,7.5
356303,49.5,8.125
356304,49.5,8.75
356305,49.5,9.375
356306,49.5,10
356307,49.5,10.625
356308,49.5,11.25
356309,49.5,11.875
356310,49.5,12.5
356311,49.5,13.125
356312,49.5,13.75
356313,49.5,14.375
356314,49.5,15
356315,49.5,15.625
356316,49.5,16.25
356317,49.5,16.875
356318,49.5,17.5
356319,49.5,18.125
356320,49.5,18.75
356321,49.5,19.375
356322,49.5,20
356323,49.5,20.625
356324,49.5,21.25
356325,49.5,21.875
356326,49.5,22.5
356327,49.5,23.125
356328,49.5,23.75
356329,49.5,24.375
356330,49.5,25
356331,49.5,25.625
356332,49.5,26.25
356333,49.5,26.875
356334,49.5,27.5
356335,49.5,28.125
356336,49.5,28.75
356337,49.5,29.375
356338,49.5,30
356339,49.5,30.625
356340,49.5,31.25
356341,49.5,31.875
356342,49.5,32.5
356343,49.5,33.125
356344,49.5,33.75
356345,49.5,34.375
356346,49.5,35
356347,49.5,35.625
356348,49.5,36.25
356349,49.5,36.875
356350,49.5,37.5
356351,49.5,38.125
356352,49.5,38.75
356353,49.5,39.375
356849,50,-10.625
356850,50,-10
356851,50,-9.375
356852,50,-8.75
356853,50,-8.125
356854,50,-7.5
356855,50,-6.875
356856,50,-6.25
356857,50,-5.625
356858,50,-5
356859,50,-4.375
356860,50,-3.75
356861,50,-3.125
356862,50,-2.5
356863,50,-1.875
356864,50,-1.25
356865,50,-0.625
356866,50,0.0
356867,50,0.625
356868,50,1.25
356869,50,1.875
356870,50,2.5
356871,50,3.125
356872,50,3.75
356873,50,4.375
356874,50,5
356875,50,5.625
356876,50,6.25
356877,50,6.875
356878,50,7.5
356879,50,8.125
356880,50,8.75
356881,50,9.375
356882,50,10
356883,50,10.625
356884,50,11.25
356885,50,11.875
356886,50,12.5
356887,50,13.125
356888,50,13.75
356889,50,14.375
356890,50,15
356891,50,15.625
356892,50,16.25
356893,50,16.875
356894,50,17.5
356895,50,18.125
356896,50,18.75
356897,50,19.375
356898,50,20
356899,50,20.625
356900,50,21.25
356901,50,21.875
356902,50,22.5
356903,50,23.125
356904,50,23.75
356905,50,24.375
356906,50,25
356907,50,25.625
356908,50,26.25
356909,50,26.875
356910,50,27.5
356911,50,28.125
356912,50,28.75
356913,50,29.375
356914,50,30
356915,50,30.625
356916,50,31.25
356917,50,31.875
356918,50,32.5
356919,50,33.125
356920,50,33.75
356921,50,34.375
356922,50,35
356923,50,35.625
356924,50,36.25
356925,50,36.875
356926,50,37.5
356927,50,38.125
356928,50,38.75
356929,50,39.375
357425,50.5,-10.625
357426,50.5,-10
357427,50.5,-9.375
357428,50.5,-8.75
357429,50.5,-8.125
357430,50.5,-7.5
357431,50.5,-6.875
357432,50.5,-6.25
357433,50.5,-5.625
357434,50.5,-5
357435,50.5,-4.375
357436,50.5,-3.75
357437,50.5,-3.125
357438,50.5,-2.5
357439,50.5,-1.875
357440,50.5,-1.25
357441,50.5,-0.625
357442,50.5,0.0
357443,50.5,0.625
357444,50.5,1.25
357445,50.5,1.875
357446,50.5,2.5
357447,50.5,3.125
357448,50.5,3.75
357449,50.5,4.375
357450,50.5,5
357451,50.5,5.625
357452,50.5,6.25
357453,50.5,6.875
357454,50.5,7.5
357455,50.5,8.125
357456,50.5,8.75
357457,50.5,9.375
357458,50.5,10
357459,50.5,10.625
357460,50.5,11.25
357461,50.5,11.875
357462,50.5,12.5
357463,50.5,13.125
357464,50.5,13.75
357465,50.5,14.375
357466,50.5,15
357467,50.5,15.625
357468,50.5,16.25
357469,50.5,16.875
357470,50.5,17.5
357471,50.5,18.125
357472,50.5,18.75
357473,50.5,19.375
357474,50.5,20
357475,50.5,20.625
357476,50.5,21.25
357477,50.5,21.875
357478,50.5,22.5
357479,50.5,23.125
357480,50.5,23.75
357481,50.5,24.375
357482,50.5,25
357483,50.5,25.625
357484,50.5,26.25
357485,50.5,26.875
357486,50.5,27.5
357487,50.5,28.125
357488,50.5,28.75
357489,50.5,29.375
357490,50.5,30
357491,50.5,30.625
357492,50.5,31.25
357493,50.5,31.875
357494,50.5,32.5
357495,50.5,33.125
357496,50.5,33.75
357497,50.5,34.375
357498,50.5,35
357499,50.5,35.625
357500,50.5,36.25
357501,50.5,36.875
357502,50.5,37.5
357503,50.5,38.125
357504,50.5,38.75
357505,50.5,39.375
358001,51,-10.625
358002,51,-10
358003,51,-9.375
358004,51,-8.75
358005,51,-8.125
358006,51,-7.5
358007,51,-6.875
358008,51,-6.25
358009,51,-5.625
358010,51,-5
358011,51,-4.375
358012,51,-3.75
358013,51,-3.125
358014,51,-2.5
358015,51,-1.875
358016,51,-1.25
358017,51,-0.625
358018,51,0.0
358019,51,0.625
358020,51,1.25
358021,51,1.875
358022,51,2.5
358023,51,3.125
358024,51,3.75
358025,51,4.375
358026,51,5
358027,51,5.625
358028,51,6.25
358029,51,6.875
358030,51,7.5
358031,51,8.125
358032,51,8.75
358033,51,9.375
358034,51,10
358035,51,10.625
358036,51,11.25
358037,51,11.875
358038,51,12.5
358039,51,13.125
358040,51,13.75
358041,51,14.375
358042,51,15
358043,51,15.625
358044,51,16.25
358045,51,16.875
358046,51,17.5
358047,51,18.125
358048,51,18.75
358049,51,19.375
358050,51,20
358051,51,20.625
358052,51,21.25
358053,51,21.875
358054,51,22.5
358055,51,23.125
358056,51,23.75
358057,51,24.375
358058,51,25
358059,51,25.625
358060,51,26.25
358061,51,26.875
358062,51,27.5
358063,51,28.125
358064,51,28.75
358065,51,29.375
358066,51,30
358067,51,30.625
358068,51,31.25
358069,51,31.875
358070,51,32.5
358071,51,33.125
358072,51,33.75
358073,51,34.375
358074,51,35
358075,51,35.625
358076,51,36.25
358077,51,36.875
358078,51,37.5
358079,51,38.125
358080,51,38.75
358081,51,39.375
358577,51.5,-10.625
358578,51.5,-10
358579,51.5,-9.375
358580,51.5,-8.75
358581,51.5,-8.125
358582,51.5,-7.5
358583,51.5,-6.875
358584,51.5,-6.25
358585,51.5,-5.625
358586,51.5,-5
358587,51.5,-4.375
358588,51.5,-3.75
358589,51.5,-3.125
358590,51.5,-2.5
358591,51.5,-1.875
358592,51.5,-1.25
358593,51.5,-0.625
358594,51.5,0.0
358595,51.5,0.625
358596,51.5,1.25
358597,51.5,1.875
358598,51.5,2.5
358599,51.5,3.125
358600,51.5,3.75
358601,51.5,4.375
358602,51.5,5
358603,51.5,5.625
358604,51.5,6.25
358605,51.5,6.875
358606,51.5,7.5
358607,51.5,8.125
358608,51.5,8.75
358609,51.5,9.375
358610,51.5,10
358611,51.5,10.625
358612,51.5,11.25
358613,51.5,11.875
358614,51.5,12.5
358615,51.5,13.125
358616,51.5,13.75
358617,51.5,14.375
358618,51.5,15
358619,51.5,15.625
358620,51.5,16.25
358621,51.5,16.875
358622,51.5,17.5
358623,51.5,18.125
358624,51.5,18.75
358625,51.5,19.375
358626,51.5,20
358627,51.5,20.625
358628,51.5,21.25
358629,51.5,21.875
358630,51.5,22.5
358631,51.5,23.125
358632,51.5,23.75
358633,51.5,24.375
358634,51.5,25
358635,51.5,25.625
358636,51.5,26.25
358637,51.5,26.875
358638,51.5,27.5
358639,51.5,28.125
358640,51.5,28.75
358641,51.5,29.375
358642,51.5,30
358643,51.5,30.625
358644,51.5,31.25
358645,51.5,31.875
358646,51.5,32.5
358647,51.5,33.125
358648,51.5,33.75
358649,51.5,34.375
358650,51.5,35
358651,51.5,35.625
358652,51.5,36.25
358653,51.5,36.875
358654,51.5,37.5
358655,51.5,38.125
358656,51.5,38.75
358657,51.5,39.375
359153,52,-10.625
359154,52,-10
359155,52,-9.375
359156,52,-8.75
359157,52,-8.125
359158,52,-7.5
359159,52,-6.875
359160,52,-6.25
359161,52,-5.625
359162,52,-5
359163,52,-4.375
359164,52,-3.75
359165,52,-3.125
359166,52,-2.5
359167,52,-1.875
359168,52,-1.25
359169,52,-0.625
359170,52,0.0
359171,52,0.625
359172,52,1.25
359173,52,1.875
359174,52,2.5
359175,52,3.125
359176,52,3.75
359177,52,4.375
359178,52,5
359179,52,5.625
359180,52,6.25
359181,52,6.875
359182,52,7.5
359183,52,8.125
359184,52,8.75
359185,52,9.375
359186,52,10
359187,52,10.625
359188,52,11.25
359189,52,11.875
359190,52,12.5
359191,52,13.125
359192,52,13.75
359193,52,14.375
359194,52,15
359195,52,15.625
359196,52,16.25
359197,52,16.875
359198,52,17.5
359199,52,18.125
359200,52,18.75
359201,52,19.375
359202,52,20
359203,52,20.625
359204,52,21.25
359205,52,21.875
359206,52,22.5
359207,52,23.125
359208,52,23.75
359209,52,24.375
359210,52,25
359211,52,25.625
359212,52,26.25
359213,52,26.875
359214,52,27.5
359215,52,28.125
359216,52,28.75
359217,52,29.375
359218,52,30
359219,52,30.625
359220,52,31.25
359221,52,31.875
359222,52,32.5
359223,52,33.125
359224,52,33.75
359225,52,34.375
359226,52,35
359227,52,35.625
359228,52,36.25
359229,52,36.875
359230,52,37.5
359231,52,38.125
359232,52,38.75
359233,52,39.375
359729,52.5,-10.625
359730,52.5,-10
359731,52.5,-9.375
359732,52.5,-8.75
359733,52.5,-8.125
359734,52.5,-7.5
359735,52.5,-6.875
359736,52.5,-6.25
359737,52.5,-5.625
359738,52.5,-5
359739,52.5,-4.375
359740,52.5,-3.75
359741,52.5,-3.125
359742,52.5,-2.5
359743,52.5,-1.875
359744,52.5,-1.25
359745,52.5,-0.625
359746,52.5,0.0
359747,52.5,0.625
359748,52.5,1.25
359749,52.5,1.875
359750,52.5,2.5
359751,52.5,3.125
359752,52.5,3.75
359753,52.5,4.375
359754,52.5,5
359755,52.5,5.625
359756,52.5,6.25
359757,52.5,6.875
359758,52.5,7.5
359759,52.5,8.125
359760,52.5,8.75
359761,52.5,9.375
359762,52.5,10
359763,52.5,10.625
359764,52.5,11.25
359765,52.5,11.875
359766,52.5,12.5
359767,52.5,13.125
359768,52.5,13.75
359769,52.5,14.375
359770,52.5,15
359771,52.5,15.625
359772,52.5,16.25
359773,52.5,16.875
359774,52.5,17.5
359775,52.5,18.125
359776,52.5,18.75
359777,52.5,19.375
359778,52.5,20
359779,52.5,20.625
359780,52.5,21.25
359781,52.5,21.875
359782,52.5,22.5
359783,52.5,23.125
359784,52.5,23.75
359785,52.5,24.375
359786,52.5,25
359787,52.5,25.625
359788,52.5,26.25
359789,52.5,26.875
359790,52.5,27.5
359791,52.5,28.125
359792,52.5,28.75
359793,52.5,29.375
359794,52.5,30
359795,52.5,30.625
359796,52.5,31.25
359797,52.5,31.875
359798,52.5,32.5
359799,52.5,33.125
359800,52.5,33.75
359801,52.5,34.375
359802,52.5,35
359803,52.5,35.625
359804,52.5,36.25
359805,52.5,36.875
359806,52.5,37.5
359807,52.5,38.125
359808,52.5,38.75
359809,52.5,39.375
360305,53,-10.625
360306,53,-10
360307,53,-9.375
360308,53,-8.75
360309,53,-8.125
360310,53,-7.5
360311,53,-6.875
360312,53,-6.25
360313,53,-5.625
360314,53,-5
360315,53,-4.375
360316,53,-3.75
360317,53,-3.125
360318,53,-2.5
360319,53,-1.875
360320,53,-1.25
360321,53,-0.625
360322,53,0.0
360323,53,0.625
360324,53,1.25
360325,53,1.875
360326,53,2.5
360327,53,3.125
360328,53,3.75
360329,53,4.375
360330,53,5
360331,53,5.625
360332,53,6.25
360333,53,6.875
360334,53,7.5
360335,53,8.125
360336,53,8.75
360337,53,9.375
360338,53,10
360339,53,10.625
360340,53,11.25
360341,53,11.875
360342,53,12.5
360343,53,13.125
360344,53,13.75
360345,53,14.375
360346,53,15
360347,53,15.625
360348,53,16.25
360349,53,16.875
360350,53,17.5
360351,53,18.125
360352,53,18.75
360353,53,19.375
360354,53,20
360355,53,20.625
360356,53,21.25
360357,53,21.875
360358,53,22.5
360359,53,23.125
360360,53,23.75
360361,53,24.375
360362,53,25
360363,53,25.625
360364,53,26.25
360365,53,26.875
360366,53,27.5
360367,53,28.125
360368,53,28.75
360369,53,29.375
360370,53,30
360371,53,30.625
360372,53,31.25
360373,53,31.875
360374,53,32.5
360375,53,33.125
360376,53,33.75
360377,53,34.375
360378,53,35
360379,53,35.625
360380,53,36.25
360381,53,36.875
360382,53,37.5
360383,53,38.125
360384,53,38.75
360385,53,39.375
360881,53.5,-10.625
360882,53.5,-10
360883,53.5,-9.375
360884,53.5,-8.75
360885,53.5,-8.125
360886,53.5,-7.5
360887,53.5,-6.875
360888,53.5,-6.25
360889,53.5,-5.625
360890,53.5,-5
360891,53.5,-4.375
360892,53.5,-3.75
360893,53.5,-3.125
360894,53.5,-2.5
360895,53.5,-1.875
360896,53.5,-1.25
360897,53.5,-0.625
360898,53.5,0.0
360899,53.5,0.625
360900,53.5,1.25
360901,53.5,1.875
360902,53.5,2.5
360903,53.5,3.125
360904,53.5,3.75
360905,53.5,4.375
360906,53.5,5
360907,53.5,5.625
360908,53.5,6.25
360909,53.5,6.875
360910,53.5,7.5
360911,53.5,8.125
360912,53.5,8.75
360913,53.5,9.375
360914,53.5,10
360915,53.5,10.625
360916,53.5,11.25
360917,53.5,11.875
360918,53.5,12.5
360919,53.5,13.125
360920,53.5,13.75
360921,53.5,14.375
360922,53.5,15
360923,53.5,15.625
360924,53.5,16.25
360925,53.5,16.875
360926,53.5,17.5
360927,53.5,18.125
360928,53.5,18.75
360929,53.5,19.375
360930,53.5,20
360931,53.5,20.625
360932,53.5,21.25
360933,53.5,21.875
360934,53.5,22.5
360935,53.5,23.125
360936,53.5,23.75
360937,53.5,24.375
360938,53.5,25
360939,53.5,25.625
360940,53.5,26.25
360941,53.5,26.875
360942,53.5,27.5
360943,53.5,28.125
360944,53.5,28.75
360945,53.5,29.375
360946,53.5,30
360947,53.5,30.625
360948,53.5,31.25
360949,53.5,31.875
360950,53.5,32.5
360951,53.5,33.125
360952,53.5,33.75
360953,53.5,34.375
360954,53.5,35
360955,53.5,35.625
360956,53.5,36.25
360957,53.5,36.875
360958,53.5,37.5
360959,53.5,38.125
360960,53.5,38.75
360961,53.5,39.375
361457,54,-10.625
361458,54,-10
361459,54,-9.375
361460,54,-8.75
361461,54,-8.125
361462,54,-7.5
361463,54,-6.875
361464,54,-6.25
361465,54,-5.625
361466,54,-5
361467,54,-4.375
361468,54,-3.75
361469,54,-3.125
361470,54,-2.5
361471,54,-1.875
361472,54,-1.25
361473,54,-0.625
361474,54,0.0
361475,54,0.625
361476,54,1.25
361477,54,1.875
361478,54,2.5
361479,54,3.125
361480,54,3.75
361481,54,4.375
361482,54,5
361483,54,5.625
361484,54,6.25
361485,54,6.875
361486,54,7.5
361487,54,8.125
361488,54,8.75
361489,54,9.375
361490,54,10
361491,54,10.625
361492,54,11.25
361493,54,11.875
361494,54,12.5
361495,54,13.125
361496,54,13.75
361497,54,14.375
361498,54,15
361499,54,15.625
361500,54,16.25
361501,54,16.875
361502,54,17.5
361503,54,18.125
361504,54,18.75
361505,54,19.375
361506,54,20
361507,54,20.625
361508,54,21.25
361509,54,21.875
361510,54,22.5
361511,54,23.125
361512,54,23.75
361513,54,24.375
361514,54,25
361515,54,25.625
361516,54,26.25
361517,54,26.875
361518,54,27.5
361519,54,28.125
361520,54,28.75
361521,54,29.375
361522,54,30
361523,54,30.625
361524,54,31.25
361525,54,31.875
361526,54,32.5
361527,54,33.125
361528,54,33.75
361529,54,34.375
361530,54,35
361531,54,35.625
361532,54,36.25
361533,54,36.875
361534,54,37.5
361535,54,38.125
361536,54,38.75
361537,54,39.375
362033,54.5,-10.625
362034,54.5,-10
362035,54.5,-9.375
362036,54.5,-8.75
362037,54.5,-8.125
362038,54.5,-7.5
362039,54.5,-6.875
362040,54.5,-6.25
362041,54.5,-5.625
362042,54.5,-5
362043,54.5,-4.375
362044,54.5,-3.75
362045,54.5,-3.125
362046,54.5,-2.5
362047,54.5,-1.875
362048,54.5,-1.25
362049,54.5,-0.625
362050,54.5,0.0
362051,54.5,0.625
362052,54.5,1.25
362053,54.5,1.875
362054,54.5,2.5
362055,54.5,3.125
362056,54.5,3.75
362057,54.5,4.375
362058,54.5,5
362059,54.5,5.625
362060,54.5,6.25
362061,54.5,6.875
362062,54.5,7.5
362063,54.5,8.125
362064,54.5,8.75
362065,54.5,9.375
362066,54.5,10
362067,54.5,10.625
362068,54.5,11.25
362069,54.5,11.875
362070,54.5,12.5
362071,54.5,13.125
362072,54.5,13.75
362073,54.5,14.375
362074,54.5,15
362075,54.5,15.625
362076,54.5,16.25
362077,54.5,16.875
362078,54.5,17.5
362079,54.5,18.125
362080,54.5,18.75
362081,54.5,19.375
362082,54.5,20
362083,54.5,20.625
362084,54.5,21.25
362085,54.5,21.875
362086,54.5,22.5
362087,54.5,23.125
362088,54.5,23.75
362089,54.5,24.375
362090,54.5,25
362091,54.5,25.625
362092,54.5,26.25
362093,54.5,26.875
362094,54.5,27.5
362095,54.5,28.125
362096,54.5,28.75
362097,54.5,29.375
362098,54.5,30
362099,54.5,30.625
362100,54.5,31.25
362101,54.5,31.875
362102,54.5,32.5
362103,54.5,33.125
362104,54.5,33.75
362105,54.5,34.375
362106,54.5,35
362107,54.5,35.625
362108,54.5,36.25
362109,54.5,36.875
362110,54.5,37.5
362111,54.5,38.125
362112,54.5,38.75
362113,54.5,39.375
362609,55,-10.625
362610,55,-10
362611,55,-9.375
362612,55,-8.75
362613,55,-8.125
362614,55,-7.5
362615,55,-6.875
362616,55,-6.25
362617,55,-5.625
362618,55,-5
362619,55,-4.375
362620,55,-3.75
362621,55,-3.125
362622,55,-2.5
362623,55,-1.875
362624,55,-1.25
362625,55,-0.625
362626,55,0.0
362627,55,0.625
362628,55,1.25
362629,55,1.875
362630,55,2.5
362631,55,3.125
362632,55,3.75
362633,55,4.375
362634,55,5
362635,55,5.625
362636,55,6.25
362637,55,6.875
362638,55,7.5
362639,55,8.125
362640,55,8.75
362641,55,9.375
362642,55,10
362643,55,10.625
362644,55,11.25
362645,55,11.875
362646,55,12.5
362647,55,13.125
362648,55,13.75
362649,55,14.375
362650,55,15
362651,55,15.625
362652,55,16.25
362653,55,16.875
362654,55,17.5
362655,55,18.125
362656,55,18.75
362657,55,19.375
362658,55,20
362659,55,20.625
362660,55,21.25
362661,55,21.875
362662,55,22.5
362663,55,23.125
362664,55,23.75
362665,55,24.375
362666,55,25
362667,55,25.625
362668,55,26.25
362669,55,26.875
362670,55,27.5
362671,55,28.125
362672,55,28.75
362673,55,29.375
362674,55,30
362675,55,30.625
362676,55,31.25
362677,55,31.875
362678,55,32.5
362679,55,33.125
362680,55,33.75
362681,55,34.375
362682,55,35
362683,55,35.625
362684,55,36.25
362685,55,36.875
362686,55,37.5
362687,55,38.125
362688,55,38.75
362689,55,39.375
363185,55.5,-10.625
363186,55.5,-10
363187,55.5,-9.375
363188,55.5,-8.75
363189,55.5,-8.125
363190,55.5,-7.5
363191,55.5,-6.875
363192,55.5,-6.25
363193,55.5,-5.625
363194,55.5,-5
363195,55.5,-4.375
363196,55.5,-3.75
363197,55.5,-3.125
363198,55.5,-2.5
363199,55.5,-1.875
363200,55.5,-1.25
363201,55.5,-0.625
363202,55.5,0.0
363203,55.5,0.625
363204,55.5,1.25
363205,55.5,1.875
363206,55.5,2.5
363207,55.5,3.125
363208,55.5,3.75
363209,55.5,4.375
363210,55.5,5
363211,55.5,5.625
363212,55.5,6.25
363213,55.5,6.875
363214,55.5,7.5
363215,55.5,8.125
363216,55.5,8.75
363217,55.5,9.375
363218,55.5,10
363219,55.5,10.625
363220,55.5,11.25
363221,55.5,11.875
363222,55.5,12.5
363223,55.5,13.125
363224,55.5,13.75
363225,55.5,14.375
363226,55.5,15
363227,55.5,15.625
363228,55.5,16.25
363229,55.5,16.875
363230,55.5,17.5
363231,55.5,18.125
363232,55.5,18.75
363233,55.5,19.375
363234,55.5,20
363235,55.5,20.625
363236,55.5,21.25
363237,55.5,21.875
363238,55.5,22.5
363239,55.5,23.125
363240,55.5,23.75
363241,55.5,24.375
363242,55.5,25
363243,55.5,25.625
363244,55.5,26.25
363245,55.5,26.875
363246,55.5,27.5
363247,55.5,28.125
363248,55.5,28.75
363249,55.5,29.375
363250,55.5,30
363251,55.5,30.625
363252,55.5,31.25
363253,55.5,31.875
363254,55.5,32.5
363255,55.5,33.125
363256,55.5,33.75
363257,55.5,34.375
363258,55.5,35
363259,55.5,35.625
363260,55.5,36.25
363261,55.5,36.875
363262,55.5,37.5
363263,55.5,38.125
363264,55.5,38.75
363265,55.5,39.375
363761,56,-10.625
363762,56,-10
363763,56,-9.375
363764,56,-8.75
363765,56,-8.125
363766,56,-7.5
363767,56,-6.875
363768,56,-6.25
363769,56,-5.625
363770,56,-5
363771,56,-4.375
363772,56,-3.75
363773,56,-3.125
363774,56,-2.5
363775,56,-1.875
363776,56,-1.25
363777,56,-0.625
363778,56,0.0
363779,56,0.625
363780,56,1.25
363781,56,1.875
363782,56,2.5
363783,56,3.125
363784,56,3.75
363785,56,4.375
363786,56,5
363787,56,5.625
363788,56,6.25
363789,56,6.875
363790,56,7.5
363791,56,8.125
363792,56,8.75
363793,56,9.375
363794,56,10
363795,56,10.625
363796,56,11.25
363797,56,11.875
363798,56,12.5
363799,56,13.125
363800,56,13.75
363801,56,14.375
363802,56,15
363803,56,15.625
363804,56,16.25
363805,56,16.875
363806,56,17.5
363807,56,18.125
363808,56,18.75
363809,56,19.375
363810,56,20
363811,56,20.625
363812,56,21.25
363813,56,21.875
363814,56,22.5
363815,56,23.125
363816,56,23.75
363817,56,24.375
363818,56,25
363819,56,25.625
363820,56,26.25
363821,56,26.875
363822,56,27.5
363823,56,28.125
363824,56,28.75
363825,56,29.375
363826,56,30
363827,56,30.625
363828,56,31.25
363829,56,31.875
363830,56,32.5
363831,56,33.125
363832,56,33.75
363833,56,34.375
363834,56,35
363835,56,35.625
363836,56,36.25
363837,56,36.875
363838,56,37.5
363839,56,38.125
363840,56,38.75
363841,56,39.375
364337,56.5,-10.625
364338,56.5,-10
364339,56.5,-9.375
364340,56.5,-8.75
364341,56.5,-8.125
364342,56.5,-7.5
364343,56.5,-6.875
364344,56.5,-6.25
364345,56.5,-5.625
364346,56.5,-5
364347,56.5,-4.375
364348,56.5,-3.75
364349,56.5,-3.125
364350,56.5,-2.5
364351,56.5,-1.875
364352,56.5,-1.25
364353,56.5,-0.625
364354,56.5,0.0
364355,56.5,0.625
364356,56.5,1.25
364357,56.5,1.875
364358,56.5,2.5
364359,56.5,3.125
364360,56.5,3.75
364361,56.5,4.375
364362,56.5,5
364363,56.5,5.625
364364,56.5,6.25
364365,56.5,6.875
364366,56.5,7.5
364367,56.5,8.125
364368,56.5,8.75
364369,56.5,9.375
364370,56.5,10
364371,56.5,10.625
364372,56.5,11.25
364373,56.5,11.875
364374,56.5,12.5
364375,56.5,13.125
364376,56.5,13.75
364377,56.5,14.375
364378,56.5,15
364379,56.5,15.625
364380,56.5,16.25
364381,56.5,16.875
364382,56.5,17.5
364383,56.5,18.125
364384,56.5,18.75
364385,56.5,19.375
364386,56.5,20
364387,56.5,20.625
364388,56.5,21.25
364389,56.5,21.875
364390,56.5,22.5
364391,56.5,23.125
364392,56.5,23.75
364393,56.5,24.375
364394,56.5,25
364395,56.5,25.625
364396,56.5,26.25
364397,56.5,26.875
364398,56.5,27.5
364399,56.5,28.125
364400,56.5,28.75
364401,56.5,29.375
364402,56.5,30
364403,56.5,30.625
364404,56.5,31.25
364405,56.5,31.875
364406,56.5,32.5
364407,56.5,33.125
364408,56.5,33.75
364409,56.5,34.375
364410,56.5,35
364411,56.5,35.625
364412,56.5,36.25
364413,56.5,36.875
364414,56.5,37.5
364415,56.5,38.125
364416,56.5,38.75
364417,56.5,39.375
364913,57,-10.625
364914,57,-10
364915,57,-9.375
364916,57,-8.75
364917,57,-8.125
364918,57,-7.5
364919,57,-6.875
364920,57,-6.25
364921,57,-5.625
364922,57,-5
364923,57,-4.375
364924,57,-3.75
364925,57,-3.125
364926,57,-2.5
364927,57,-1.875
364928,57,-1.25
364929,57,-0.625
364930,57,0.0
364931,57,0.625
364932,57,1.25
364933,57,1.875
364934,57,2.5
364935,57,3.125
364936,57,3.75
364937,57,4.375
364938,57,5
364939,57,5.625
364940,57,6.25
364941,57,6.875
364942,57,7.5
364943,57,8.125
364944,57,8.75
364945,57,9.375
364946,57,10
364947,57,10.625
364948,57,11.25
364949,57,11.875
364950,57,12.5
364951,57,13.125
364952,57,13.75
364953,57,14.375
364954,57,15
364955,57,15.625
364956,57,16.25
364957,57,16.875
364958,57,17.5
364959,57,18.125
364960,57,18.75
364961,57,19.375
364962,57,20
364963,57,20.625
364964,57,21.25
364965,57,21.875
364966,57,22.5
364967,57,23.125
364968,57,23.75
364969,57,24.375
364970,57,25
364971,57,25.625
364972,57,26.25
364973,57,26.875
364974,57,27.5
364975,57,28.125
364976,57,28.75
364977,57,29.375
364978,57,30
364979,57,30.625
364980,57,31.25
364981,57,31.875
364982,57,32.5
364983,57,33.125
364984,57,33.75
364985,57,34.375
364986,57,35
364987,57,35.625
364988,57,36.25
364989,57,36.875
364990,57,37.5
364991,57,38.125
364992,57,38.75
364993,57,39.375
365489,57.5,-10.625
365490,57.5,-10
365491,57.5,-9.375
365492,57.5,-8.75
365493,57.5,-8.125
365494,57.5,-7.5
365495,57.5,-6.875
365496,57.5,-6.25
365497,57.5,-5.625
365498,57.5,-5
365499,57.5,-4.375
365500,57.5,-3.75
365501,57.5,-3.125
365502,57.5,-2.5
365503,57.5,-1.875
365504,57.5,-1.25
365505,57.5,-0.625
365506,57.5,0.0
365507,57.5,0.625
365508,57.5,1.25
365509,57.5,1.875
365510,57.5,2.5
365511,57.5,3.125
365512,57.5,3.75
365513,57.5,4.375
365514,57.5,5
365515,57.5,5.625
365516,57.5,6.25
365517,57.5,6.875
365518,57.5,7.5
365519,57.5,8.125
365520,57.5,8.75
365521,57.5,9.375
365522,57.5,10
365523,57.5,10.625
365524,57.5,11.25
365525,57.5,11.875
365526,57.5,12.5
365527,57.5,13.125
365528,57.5,13.75
365529,57.5,14.375
365530,57.5,15
365531,57.5,15.625
365532,57.5,16.25
365533,57.5,16.875
365534,57.5,17.5
365535,57.5,18.125
365536,57.5,18.75
365537,57.5,19.375
365538,57.5,20
365539,57.5,20.625
365540,57.5,21.25
365541,57.5,21.875
365542,57.5,22.5
365543,57.5,23.125
365544,57.5,23.75
365545,57.5,24.375
365546,57.5,25
365547,57.5,25.625
365548,57.5,26.25
365549,57.5,26.875
365550,57.5,27.5
365551,57.5,28.125
365552,57.5,28.75
365553,57.5,29.375
365554,57.5,30
365555,57.5,30.625
365556,57.5,31.25
365557,57.5,31.875
365558,57.5,32.5
365559,57.5,33.125
365560,57.5,33.75
365561,57.5,34.375
365562,57.5,35
365563,57.5,35.625
365564,57.5,36.25
365565,57.5,36.875
365566,57.5,37.5
365567,57.5,38.125
365568,57.5,38.75
365569,57.5,39.375
366065,58,-10.625
366066,58,-10
366067,58,-9.375
366068,58,-8.75
366069,58,-8.125
366070,58,-7.5
366071,58,-6.875
366072,58,-6.25
366073,58,-5.625
366074,58,-5
366075,58,-4.375
366076,58,-3.75
366077,58,-3.125
366078,58,-2.5
366079,58,-1.875
366080,58,-1.25
366081,58,-0.625
366082,58,0.0
366083,58,0.625
366084,58,1.25
366085,58,1.875
366086,58,2.5
366087,58,3.125
366088,58,3.75
366089,58,4.375
366090,58,5
366091,58,5.625
366092,58,6.25
366093,58,6.875
366094,58,7.5
366095,58,8.125
366096,58,8.75
366097,58,9.375
366098,58,10
366099,58,10.625
366100,58,11.25
366101,58,11.875
366102,58,12.5
366103,58,13.125
366104,58,13.75
366105,58,14.375
366106,58,15
366107,58,15.625
366108,58,16.25
366109,58,16.875
366110,58,17.5
366111,58,18.125
366112,58,18.75
366113,58,19.375
366114,58,20
366115,58,20.625
366116,58,21.25
366117,58,21.875
366118,58,22.5
366119,58,23.125
366120,58,23.75
366121,58,24.375
366122,58,25
366123,58,25.625
366124,58,26.25
366125,58,26.875
366126,58,27.5
366127,58,28.125
366128,58,28.75
366129,58,29.375
366130,58,30
366131,58,30.625
366132,58,31.25
366133,58,31.875
366134,58,32.5
366135,58,33.125
366136,58,33.75
366137,58,34.375
366138,58,35
366139,58,35.625
366140,58,36.25
366141,58,36.875
366142,58,37.5
366143,58,38.125
366144,58,38.75
366145,58,39.375
366641,58.5,-10.625
366642,58.5,-10
366643,58.5,-9.375
366644,58.5,-8.75
366645,58.5,-8.125
366646,58.5,-7.5
366647,58.5,-6.875
366648,58.5,-6.25
366649,58.5,-5.625
366650,58.5,-5
366651,58.5,-4.375
366652,58.5,-3.75
366653,58.5,-3.125
366654,58.5,-2.5
366655,58.5,-1.875
366656,58.5,-1.25
366657,58.5,-0.625
366658,58.5,0.0
366659,58.5,0.625
366660,58.5,1.25
366661,58.5,1.875
366662,58.5,2.5
366663,58.5,3.125
366664,58.5,3.75
366665,58.5,4.375
366666,58.5,5
366667,58.5,5.625
366668,58.5,6.25
366669,58.5,6.875
366670,58.5,7.5
366671,58.5,8.125
366672,58.5,8.75
366673,58.5,9.375
366674,58.5,10
366675,58.5,10.625
366676,58.5,11.25
366677,58.5,11.875
366678,58.5,12.5
366679,58.5,13.125
366680,58.5,13.75
366681,58.5,14.375
366682,58.5,15
366683,58.5,15.625
366684,58.5,16.25
366685,58.5,16.875
366686,58.5,17.5
366687,58.5,18.125
366688,58.5,18.75
366689,58.5,19.375
366690,58.5,20
366691,58.5,20.625
366692,58.5,21.25
366693,58.5,21.875
366694,58.5,22.5
366695,58.5,23.125
366696,58.5,23.75
366697,58.5,24.375
366698,58.5,25
366699,58.5,25.625
366700,58.5,26.25
366701,58.5,26.875
366702,58.5,27.5
366703,58.5,28.125
366704,58.5,28.75
366705,58.5,29.375
366706,58.5,30
366707,58.5,30.625
366708,58.5,31.25
366709,58.5,31.875
366710,58.5,32.5
366711,58.5,33.125
366712,58.5,33.75
366713,58.5,34.375
366714,58.5,35
366715,58.5,35.625
366716,58.5,36.25
366717,58.5,36.875
366718,58.5,37.5
366719,58.5,38.125
366720,58.5,38.75
366721,58.5,39.375
367217,59,-10.625
367218,59,-10
367219,59,-9.375
367220,59,-8.75
367221,59,-8.125
367222,59,-7.5
367223,59,-6.875
367224,59,-6.25
367225,59,-5.625
367226,59,-5
367227,59,-4.375
367228,59,-3.75
367229,59,-3.125
367230,59,-2.5
367231,59,-1.875
367232,59,-1.25
367233,59,-0.625
367234,59,0.0
367235,59,0.625
367236,59,1.25
367237,59,1.875
367238,59,2.5
367239,59,3.125
367240,59,3.75
367241,59,4.375
367242,59,5
367243,59,5.625
367244,59,6.25
367245,59,6.875
367246,59,7.5
367247,59,8.125
367248,59,8.75
367249,59,9.375
367250,59,10
367251,59,10.625
367252,59,11.25
367253,59,11.875
367254,59,12.5
367255,59,13.125
367256,59,13.75
367257,59,14.375
367258,59,15
367259,59,15.625
367260,59,16.25
367261,59,16.875
367262,59,17.5
367263,59,18.125
367264,59,18.75
367265,59,19.375
367266,59,20
367267,59,20.625
367268,59,21.25
367269,59,21.875
367270,59,22.5
367271,59,23.125
367272,59,23.75
367273,59,24.375
367274,59,25
367275,59,25.625
367276,59,26.25
367277,59,26.875
367278,59,27.5
367279,59,28.125
367280,59,28.75
367281,59,29.375
367282,59,30
367283,59,30.625
367284,59,31.25
367285,59,31.875
367286,59,32.5
367287,59,33.125
367288,59,33.75
367289,59,34.375
367290,59,35
367291,59,35.625
367292,59,36.25
367293,59,36.875
367294,59,37.5
367295,59,38.125
367296,59,38.75
367297,59,39.375
